Comment ID,Channel ID,Comment Create Timestamp,Price,Parent Comment ID,Post ID,Video ID,Comment Text
UgwC7oJusQgmyCtnw1p4AaABAg.ABZLusgD9RzABZaJ-I6r5H,UCPUuVY7w8brL0r__P8UBgyQ,2024-12-02T23:51:50.498977+00:00,0,UgwC7oJusQgmyCtnw1p4AaABAg,,6NB4QiKId2w,"{""text"":""Itâ€™s definitely a very important topic for what weâ€™ll be doing later.""}"
Ugy5AHhki71Dz1PaLLF4AaABAg.ABWVr9ed9pDABWjDjDQpnq,UCPUuVY7w8brL0r__P8UBgyQ,2024-12-01T21:12:02.649605+00:00,0,Ugy5AHhki71Dz1PaLLF4AaABAg,,7E9y3uAliNs,"{""text"":""I agree, these algorithms can do some amazing things!""}"
Ugz6q0ddxOLHy3O-PIZ4AaABAg.ABEn09Bw7g-ABEtR3Lsn1o,UCPUuVY7w8brL0r__P8UBgyQ,2024-11-24T22:54:54.951443+00:00,0,Ugz6q0ddxOLHy3O-PIZ4AaABAg,,ixsRJPlO_rc,"{""text"":""Glad the recall notes are proving useful!""}"
Ugwm9qMxeynUWssWuMh4AaABAg.ABC5fA6Prj7ABD5DFUb8J7,UCPUuVY7w8brL0r__P8UBgyQ,2024-11-24T06:08:08.700441+00:00,0,Ugwm9qMxeynUWssWuMh4AaABAg,,ixsRJPlO_rc,"{""text"":""Hi Karla, it is possible that I may have goofed up the equation numbering.  Let me take a closer look and perhaps we can chat at office hours sometime.""}"
Ugx-ndv6c_XUOnASPSp4AaABAg,UCPUuVY7w8brL0r__P8UBgyQ,2024-11-24T02:17:30.993819+00:00,0,,,Pj6wU4H91-8,"{""text"":""Well done, this is amazing!  Much more impressive than ordinary differential equations ðŸ˜Š""}"
UgwY9yve4AIt7crrrC54AaABAg.ABCDL0Tn9IwABCfHlR-BFX,UCPUuVY7w8brL0r__P8UBgyQ,2024-11-24T02:12:49.912346+00:00,0,UgwY9yve4AIt7crrrC54AaABAg,,lBXdFu6Rwn4,"{""text"":""What a small world, we should chat about this in the future.  I've got more videos discussing Bainbridge and optimization.  If you take the AE511 class we'll look at some of these.""}"
UgwZCAJcRKFgpDKKSCl4AaABAg.ABC9jztI0MNABCCEosZChr,UCPUuVY7w8brL0r__P8UBgyQ,2024-11-23T21:50:17.086441+00:00,0,UgwZCAJcRKFgpDKKSCl4AaABAg,,SbM_ASHpzqM,"{""text"":""Great to see you getting a jump start on week9, let me know how the RouletteWheel function goes""}"
UgzMlqXYC9DoNEq1t8d4AaABAg.AB6Lg7N-uD3AB71oDtliNE,UCPUuVY7w8brL0r__P8UBgyQ,2024-11-21T21:42:56.038325+00:00,0,UgzMlqXYC9DoNEq1t8d4AaABAg,,GCESkCyZt4g,"{""text"":""He really did have a lot of influence in math and physics""}"
UgzNhIaxuu6B35l7ySl4AaABAg.AB6Wvy9R7ibAB71n7bfK0R,UCPUuVY7w8brL0r__P8UBgyQ,2024-11-21T21:42:47.038277+00:00,0,UgzNhIaxuu6B35l7ySl4AaABAg,,lMRnTd8yLeY,"{""text"":""Glad you found the step-by-step breakdown helpful!""}"
UgygeGjwJeQPUltGzYt4AaABAg.AB6LwQcq40bAB6QLhyjMvs,UCPUuVY7w8brL0r__P8UBgyQ,2024-11-21T15:58:07.033825+00:00,0,UgygeGjwJeQPUltGzYt4AaABAg,,m7c45On2eYk,"{""text"":""That is great, I love the idea of a dog compilation.  I hope it is worth it!""}"
UgyaQ7qKKif8HW7ILyV4AaABAg,UCPUuVY7w8brL0r__P8UBgyQ,2024-11-21T00:24:01.630942+00:00,0,,,zL14nUmyhF8,"{""text"":""In case it is helpful, here are all my Matlab videos in a single playlist ""},{""text"":""https://www.youtube.com/playlist?list=PLxdnSsBqCrrEU0dLSrTcl0-w9cVYKMTaF"",""playlistLink"":{""externalPlaylistId"":""PLxdnSsBqCrrEU0dLSrTcl0-w9cVYKMTaF""}},{""text"":"".  You can support this channel via Patreon at ""},{""text"":""https://www.patreon.com/christopherwlum"",""link"":{""linkUrl"":""https://www.patreon.com/christopherwlum""}},{""text"":"". Please let me know what you think in the comments.  Thanks for watching!""}"
UgztqAubkFIUr1boaEN4AaABAg.AB1L3-SKiPVAB1NjLlJ6wE,UCPUuVY7w8brL0r__P8UBgyQ,2024-11-19T16:59:03.734137+00:00,0,UgztqAubkFIUr1boaEN4AaABAg,,i2fmaabIs5w,"{""text"":""Hi,\r""},{""text"":""\n""},{""text"":""\r""},{""text"":""\n""},{""text"":""First let me say thank you for your generous support of the channel, it is very much appreciated!\r""},{""text"":""\n""},{""text"":""\r""},{""text"":""\n""},{""text"":""Do you have any particular interests in terms of videos or topics?  I try to prioritize request made by interested parties as much as possible as I plan future videos.\r""},{""text"":""\n""},{""text"":""\r""},{""text"":""\n""},{""text"":""If you are interested, I interact personally with all Patreon members at ""},{""text"":""https://www.patreon.com/christopherwlum"",""link"":{""linkUrl"":""https://www.patreon.com/christopherwlum""}},{""text"":"".  Given your interest in the topic, I'd love to have you as a Patron.\r""},{""text"":""\n""},{""text"":""\r""},{""text"":""\n""},{""text"":""In any event, I want to again say thank you for your contribution and for supporting the channel.  I hope to hear from you at a future YouTube video or on Patreon!\r""},{""text"":""\n""},{""text"":""\r""},{""text"":""\n""},{""text"":""-Chris""}"
Ugy-rEnzDXb5ZUZXwLt4AaABAg.AAywcDTpc9rAAzo4se5o6c,UCPUuVY7w8brL0r__P8UBgyQ,2024-11-18T17:00:20.874375+00:00,0,Ugy-rEnzDXb5ZUZXwLt4AaABAg,,FsLFZT44l48,"{""text"":""Don't worry, there were many safety precautions taken, haha!""}"
UgwOztP0IzTXG63Y9Ox4AaABAg.AAyQDbisQb8AAySCVimQ_a,UCPUuVY7w8brL0r__P8UBgyQ,2024-11-18T04:21:10.253732+00:00,0,UgwOztP0IzTXG63Y9Ox4AaABAg,,lMRnTd8yLeY,"{""text"":""Great, also feel free to download the lecture notes to help follow along if that is helpeful""}"
UgxT3l4LdxZSn6kdLzd4AaABAg.AAy-OBcvjtWAAy-xJCeAeH,UCPUuVY7w8brL0r__P8UBgyQ,2024-11-18T00:14:17.478903+00:00,0,UgxT3l4LdxZSn6kdLzd4AaABAg,,42WBuhVJ7sA,"{""text"":""Just wait until we see the math predict this and then combine it with Fourier analysis!""}"
UgwjhLGhFM9sIbQnJt14AaABAg.AAxa98klMYyAAxbnGiwb-f,UCPUuVY7w8brL0r__P8UBgyQ,2024-11-17T20:34:28.050881+00:00,0,UgwjhLGhFM9sIbQnJt14AaABAg,,KAS7JBztw8E,"{""text"":""I'm glad it was entertaining and it is good to see you getting a jump on next week's videos!""}"
UgzWy7WMEXRSYyFK_ex4AaABAg.AAv0uY2IyVXAAvC6m3wJ47,UCPUuVY7w8brL0r__P8UBgyQ,2024-11-16T22:02:51.349832+00:00,0,UgzWy7WMEXRSYyFK_ex4AaABAg,,42WBuhVJ7sA,"{""text"":""If you think this is cool just wait until we derive the PDE that governs this system and see that the solution to that PDE actually predicts this behavior.  It will then get even cooler when we combine this with the Fourier analysis from last week.  Stay tuned!""}"
UgzS8rR6gAA78COUAnN4AaABAg.AAt9JhpU0ysAAtfaEd3qN6,UCPUuVY7w8brL0r__P8UBgyQ,2024-11-16T07:50:40.778787+00:00,0,UgzS8rR6gAA78COUAnN4AaABAg,,yfsSDynscEs,"{""text"":""Was this with Heather Dillion at uwt?""}"
UgxfqQ_vYgNb2Xn1Lkd4AaABAg.AAtITX5JkgwAAtfWmHDFSK,UCPUuVY7w8brL0r__P8UBgyQ,2024-11-16T07:50:04.245342+00:00,0,UgxfqQ_vYgNb2Xn1Lkd4AaABAg,,yfsSDynscEs,"{""text"":""Glad to see you're taking advantage of the tools Matlab has to offer!""}"
UgxoRFGV1Q6l3Y5Ds_h4AaABAg.AAtLVURoIPyAAtfVvl9dGQ,UCPUuVY7w8brL0r__P8UBgyQ,2024-11-16T07:49:57.284821+00:00,0,UgxoRFGV1Q6l3Y5Ds_h4AaABAg,,W30U_rcThLg,"{""text"":""Itâ€™s great to hear you found the breakdown helpful!""}"
UgydO2hbzQteF4rZnjB4AaABAg.AAo8eB0FEl7AAo96-8eDbf,UCPUuVY7w8brL0r__P8UBgyQ,2024-11-14T04:21:51.117403+00:00,0,UgydO2hbzQteF4rZnjB4AaABAg,,W30U_rcThLg,"{""text"":""I'm glad the notes are useful.  Personally I like to have a set of notes on hand when I watch a new lecture.""}"
UgyTZxnjDUo0_mmWaG14AaABAg.AAnyMvM3uPtAAo3EbtxXJL,UCPUuVY7w8brL0r__P8UBgyQ,2024-11-14T03:30:36.084711+00:00,0,UgyTZxnjDUo0_mmWaG14AaABAg,,W30U_rcThLg,"{""text"":""I'm glad you found the visuals helpful!""}"
UgxvXlyqIO6P1lacTEt4AaABAg.AAlKZ312MtmAAlvNwmm76B,UCPUuVY7w8brL0r__P8UBgyQ,2024-11-13T07:34:45.030722+00:00,0,UgxvXlyqIO6P1lacTEt4AaABAg,,yQrGPz4eFL8,"{""text"":""Don't worry about it, I know you're engaged in the class""}"
UgyiuMH4rCWI6TgWPRR4AaABAg.AAimeqfCx6nAAkJOd_7fBZ,UCPUuVY7w8brL0r__P8UBgyQ,2024-11-12T16:34:49.097949+00:00,0,UgyiuMH4rCWI6TgWPRR4AaABAg,,y5rABxjF_o8,"{""text"":""Glad you found the tupperware sphere visualization helpful!""}"
UgyjYN3t_oEfkOX0Yrx4AaABAg.AAitcAT8mM5AAkJM4m39aX,UCPUuVY7w8brL0r__P8UBgyQ,2024-11-12T16:34:28.13282+00:00,0,UgyjYN3t_oEfkOX0Yrx4AaABAg,,y5rABxjF_o8,"{""text"":""Haha, that is great, I really like this tupperware set.""}"
UgyTx2dolsBTo-S_UPZ4AaABAg.AAiwvtQQRftAAkJJz9VJJD,UCPUuVY7w8brL0r__P8UBgyQ,2024-11-12T16:34:10.882028+00:00,0,UgyTx2dolsBTo-S_UPZ4AaABAg,,40UUPvrHN-c,"{""text"":""That's great, I met Prof Shu last spring and he seems like a great teacher!""}"
UgwAm24NF6BHurEUe_x4AaABAg.AAjDNqppi3AAAkJEsM123O,UCPUuVY7w8brL0r__P8UBgyQ,2024-11-12T16:33:29.056903+00:00,0,UgwAm24NF6BHurEUe_x4AaABAg,,jd-0thQnddY,"{""text"":""I'm glad you find the enthusiasm contagious!""}"
Ugzvsa43ngbngemJWTt4AaABAg.AAk60zFWhZzAAkJCLK-y35,UCPUuVY7w8brL0r__P8UBgyQ,2024-11-12T16:33:08.333056+00:00,0,Ugzvsa43ngbngemJWTt4AaABAg,,FsLFZT44l48,"{""text"":""Thanks Maggie, I'm glad you're enjoying the videos!""}"
Ugw5ntnazF5Rfjl2rXV4AaABAg.AAk4TkNmngmAAkJBE9QEaI,UCPUuVY7w8brL0r__P8UBgyQ,2024-11-12T16:32:59.223199+00:00,0,Ugw5ntnazF5Rfjl2rXV4AaABAg,,S03e6dwM100,"{""text"":""Hopefully this will help with some of the HW problems coming up in the near future.""}"
UgzV501S-_cxe5IT6vN4AaABAg.AAk42-Ak_svAAkJ7CT-hce,UCPUuVY7w8brL0r__P8UBgyQ,2024-11-12T16:32:26.23613+00:00,0,UgzV501S-_cxe5IT6vN4AaABAg,,3I1_5M7Okqo,"{""text"":""I'm glad you enjoyed the pup's performance!""}"
UgyvMbXulFRyA3jcFVR4AaABAg.AAg5Mpr4RN6AAhd2vXhcTp,UCPUuVY7w8brL0r__P8UBgyQ,2024-11-11T15:37:37.915537+00:00,0,UgyvMbXulFRyA3jcFVR4AaABAg,,jd-0thQnddY,"{""text"":""I'm glad you found the connection between density and mass so interesting!""}"
UgwAcg_fpJV4nNX48eB4AaABAg.AAg9aRBqRo8AAhd1ZVxOAN,UCPUuVY7w8brL0r__P8UBgyQ,2024-11-11T15:37:26.778048+00:00,0,UgwAcg_fpJV4nNX48eB4AaABAg,,40UUPvrHN-c,"{""text"":""I'm happy to hear you were able to understand the homework better!""}"
UgwfSMyE4okd4JlvSVV4AaABAg.AAfhqlgAtHJAAgRSGjYIro,UCPUuVY7w8brL0r__P8UBgyQ,2024-11-11T04:28:15.391147+00:00,0,UgwfSMyE4okd4JlvSVV4AaABAg,,C-yfMjxxsz0,"{""text"":""Thanks for the perspective, especially wrt the asynchronous approach.  Let me know how things go in the future and I would live to hear how you think things could be improved""}"
Ugyn1K84OHISqBsxiKl4AaABAg.AAfJhhtlbxRAAfdACF2fWc,UCPUuVY7w8brL0r__P8UBgyQ,2024-11-10T21:00:08.6642+00:00,0,Ugyn1K84OHISqBsxiKl4AaABAg,,yfsSDynscEs,"{""text"":""Glad the sound bite analysis and FFT application helped!""}"
UgwslPc1ij--H9T4siF4AaABAg.AAdEcH_sE4FAAdm-ucRwNC,UCPUuVY7w8brL0r__P8UBgyQ,2024-11-10T03:38:54.089825+00:00,0,UgwslPc1ij--H9T4siF4AaABAg,,W30U_rcThLg,"{""text"":""Unfortunately it is not yet available, stay tuned!""}"
UgxMa8Yaa4Ukg7cfnXR4AaABAg.AAdOqtVWmZ4AAdlwnrNgFM,UCPUuVY7w8brL0r__P8UBgyQ,2024-11-10T03:38:20.466596+00:00,0,UgxMa8Yaa4Ukg7cfnXR4AaABAg,,7GXbPYzW5JA,"{""text"":""Glad you found the Fourier Series refresher helpful!""}"
UgwpYDQuzoYPVDUb9Ol4AaABAg.AAaYLuNxe5JAAd6Cy1g_oJ,UCPUuVY7w8brL0r__P8UBgyQ,2024-11-09T21:24:56.645029+00:00,0,UgwpYDQuzoYPVDUb9Ol4AaABAg,,7zYJYaftPu8,"{""text"":""Evan, thanks for catching this, I checked and you are correct in that I forgot to equalize the audio on this clip.  Let me know if you encounter anything else fishy, thanks!""}"
Ugx2aEGZ0gn5naB0tuN4AaABAg.AAbXCkT8nybAAcVHixuSgO,UCPUuVY7w8brL0r__P8UBgyQ,2024-11-09T15:44:48.428119+00:00,0,Ugx2aEGZ0gn5naB0tuN4AaABAg,,a3_c4c9PYNg,"{""text"":""I'm glad you found the visualization helpful!""}"
UgzlZdVjBBinjX8WVyV4AaABAg.AAal3YjtN5GAAbUK5lmIze,UCPUuVY7w8brL0r__P8UBgyQ,2024-11-09T06:17:09.151074+00:00,0,UgzlZdVjBBinjX8WVyV4AaABAg,,a3_c4c9PYNg,"{""text"":""It's good to see you making the connection between the 2D and 3D perspectives.""}"
UgwK4ICBIEDNdoZQHDh4AaABAg.AAb-QvEcFp1AAbUIm19vu8,UCPUuVY7w8brL0r__P8UBgyQ,2024-11-09T06:16:58.307675+00:00,0,UgwK4ICBIEDNdoZQHDh4AaABAg,,a3_c4c9PYNg,"{""text"":""It's always great to see people revisit concepts that were difficult in the past!""}"
UgxxmwDoRT-2qQBxABB4AaABAg.AAb3OcaVO8OAAbUGlau5r2,UCPUuVY7w8brL0r__P8UBgyQ,2024-11-09T06:16:41.862682+00:00,0,UgxxmwDoRT-2qQBxABB4AaABAg,,a3_c4c9PYNg,"{""text"":""Glad you found the sphere parameterization helpful!""}"
UgxPv1jDhZNpp5JZRM14AaABAg.AAb85sNPblHAAbUFyUFldF,UCPUuVY7w8brL0r__P8UBgyQ,2024-11-09T06:16:35.325169+00:00,0,UgxPv1jDhZNpp5JZRM14AaABAg,,p7PSZW9NhLU,"{""text"":""Glad the back-to-back comparison helped make the methods clear!""}"
Ugx2Hmc8DGratlNUbkN4AaABAg.AAbCxVUMslNAAbUF7grbDD,UCPUuVY7w8brL0r__P8UBgyQ,2024-11-09T06:16:28.442769+00:00,0,Ugx2Hmc8DGratlNUbkN4AaABAg,,p7PSZW9NhLU,"{""text"":""Glad the example made the application of Green's Theorem clear!""}"
UgzdVPlmVQrlsunBDhN4AaABAg.AAbU7vnMo6CAAbUDXe8fNf,UCPUuVY7w8brL0r__P8UBgyQ,2024-11-09T06:16:15.380614+00:00,0,UgzdVPlmVQrlsunBDhN4AaABAg,,a3_c4c9PYNg,"{""text"":""Glad the surface parametrization concepts made sense!""}"
Ugx6dz5yoh3QQ40cViN4AaABAg.AAaYv8H9TC9AAafgHOE5kk,UCPUuVY7w8brL0r__P8UBgyQ,2024-11-08T22:45:56.070648+00:00,0,Ugx6dz5yoh3QQ40cViN4AaABAg,,7zYJYaftPu8,"{""text"":""It's always good to see how different subjects connect!""}"
UgwkyG6WI42COewFTPB4AaABAg.AAZdzNbqAfOAAZjeAmIX0p,UCPUuVY7w8brL0r__P8UBgyQ,2024-11-08T04:42:07.140947+00:00,0,UgwkyG6WI42COewFTPB4AaABAg,UgkxAw7mCL4XRHEc0bJRMnbQc-tfe2oDznjV,,"{""text"":""It definitely takes some getting used to ðŸ™‚""}"
UgyqtjlhDyb_sHtYyi94AaABAg.AAZZ5BcjAzFAAZjbAUnwU6,UCPUuVY7w8brL0r__P8UBgyQ,2024-11-08T04:41:42.518419+00:00,0,UgyqtjlhDyb_sHtYyi94AaABAg,UgkxAw7mCL4XRHEc0bJRMnbQc-tfe2oDznjV,,"{""text"":""Thanks, I'm glad you're finding the videos helpful!  Looking forward to seeing you at the expo!""}"
UgzQTvU6n-pSrdb4MBt4AaABAg.AAWqmzvxiZKAAYSe7MTVy5,UCPUuVY7w8brL0r__P8UBgyQ,2024-11-07T16:45:35.087984+00:00,0,UgzQTvU6n-pSrdb4MBt4AaABAg,,7zYJYaftPu8,"{""text"":""That's a good way to think about it.""}"
Ugww5UgtZgw1rB3KDYN4AaABAg.AAWtXKEzPPfAAYSdNa-hLK,UCPUuVY7w8brL0r__P8UBgyQ,2024-11-07T16:45:28.98099+00:00,0,Ugww5UgtZgw1rB3KDYN4AaABAg,,0sIsoJYmVVM,"{""text"":""Glad to hear the setup of the equations helped you follow along!""}"
Ugw2HsqQ3MXI9pf2Fid4AaABAg.AAWuEJrVX8tAAYScUO4irD,UCPUuVY7w8brL0r__P8UBgyQ,2024-11-07T16:45:21.654786+00:00,0,Ugw2HsqQ3MXI9pf2Fid4AaABAg,,7zYJYaftPu8,"{""text"":""I'm happy the explanation was useful!""}"
Ugz154TCXAu54rwkVqF4AaABAg.AAWw0WBt-BxAAYSbWd4jO5,UCPUuVY7w8brL0r__P8UBgyQ,2024-11-07T16:45:13.740576+00:00,0,Ugz154TCXAu54rwkVqF4AaABAg,,7zYJYaftPu8,"{""text"":""You're welcome, I'm glad it was helpful!""}"
UgzY0dNfNKDU8a4cheB4AaABAg.AAXWKdf4vdfAAYSa5QAWFA,UCPUuVY7w8brL0r__P8UBgyQ,2024-11-07T16:45:02.081099+00:00,0,UgzY0dNfNKDU8a4cheB4AaABAg,,7zYJYaftPu8,"{""text"":""Glad to hear you found the potential function method useful!""}"
UgxjgL4qHiSehWzBNrF4AaABAg.AAXWRzVdRGqAAYGUufAo9n,UCPUuVY7w8brL0r__P8UBgyQ,2024-11-07T14:59:19.953232+00:00,0,UgxjgL4qHiSehWzBNrF4AaABAg,,KOlVHPShCOk,"{""text"":""Glad to hear the connection made sense!""}"
UgxRen6RgSvU0l9EzX94AaABAg.AAWjjmn-T5CAAWkwlRQmra,UCPUuVY7w8brL0r__P8UBgyQ,2024-11-07T00:55:40.397221+00:00,0,UgxRen6RgSvU0l9EzX94AaABAg,,sF_sjFqNFUk,"{""text"":""Just double checking, these are pretty old, did you get a chance to view these during week 2 and 3?  Why comment on these during week 6?""}"
UgxRVK2cCTUgpPCnx4J4AaABAg.AAUKG5oj0hJAAVrHOZGGVp,UCPUuVY7w8brL0r__P8UBgyQ,2024-11-06T16:31:48.873848+00:00,0,UgxRVK2cCTUgpPCnx4J4AaABAg,,OotVyEMfi28,"{""text"":""Keep the math jokes coming!""}"
UgyLuxadZuv4flhPSKt4AaABAg.AAOi6_Z-rX3AAOomr_Ylr2,UCPUuVY7w8brL0r__P8UBgyQ,2024-11-03T22:55:20.970307+00:00,0,UgyLuxadZuv4flhPSKt4AaABAg,,obeu4B8mXuw,"{""text"":""Correct, this is a typo, great catch""}"
Ugx_V95tEr0KGp27vPp4AaABAg.AAOSNK7syqYAAOTjrNo8hY,UCPUuVY7w8brL0r__P8UBgyQ,2024-11-03T19:42:42.03703+00:00,0,Ugx_V95tEr0KGp27vPp4AaABAg,,0sIsoJYmVVM,"{""text"":""Glad you found the visualizations helpful!""}"
Ugz9U1QfYplPeOLd5R54AaABAg.AAE6gGrar1HAAOGPIGb5Sd,UCPUuVY7w8brL0r__P8UBgyQ,2024-11-03T17:46:09.626676+00:00,0,Ugz9U1QfYplPeOLd5R54AaABAg,,JGDaIzC0o0c,"{""text"":""I'm happy this video was useful for you!""}"
Ugwf5Z2ZsB1_pIJxHWl4AaABAg.AAEL9pB12feAAOGOccDFdG,UCPUuVY7w8brL0r__P8UBgyQ,2024-11-03T17:46:04.167176+00:00,0,Ugwf5Z2ZsB1_pIJxHWl4AaABAg,,MPcfaNIREN0,"{""text"":""Visualizing is a big part of understanding these concepts!""}"
UgxcNoWl_JYMA8Z3dkt4AaABAg.AAENZ2iz3ajAAOGNsmFSpW,UCPUuVY7w8brL0r__P8UBgyQ,2024-11-03T17:45:58.047231+00:00,0,UgxcNoWl_JYMA8Z3dkt4AaABAg,,HH367um_Aho,"{""text"":""It's always helpful to have a visual representation of these concepts!""}"
UgzQJGSHWBHkuZfPJSZ4AaABAg.AAEPD3dlY9uAAOGNBb1GLE,UCPUuVY7w8brL0r__P8UBgyQ,2024-11-03T17:45:52.395928+00:00,0,UgzQJGSHWBHkuZfPJSZ4AaABAg,,FoiuvPkFppg,"{""text"":""I'm glad the connections between the videos were helpful!""}"
UgzVaAHjFrHrEv2Q5cJ4AaABAg.AAE_WwsUl1bAAOGM2WaQa1,UCPUuVY7w8brL0r__P8UBgyQ,2024-11-03T17:45:43.038496+00:00,0,UgzVaAHjFrHrEv2Q5cJ4AaABAg,,QexBVGVM690,"{""text"":""I'm happy the Jacobian matrix review was useful!""}"
UgySr1EvawhXmAuO67J4AaABAg.AAErwpzY__0AAOGKy9Zixf,UCPUuVY7w8brL0r__P8UBgyQ,2024-11-03T17:45:34.167937+00:00,0,UgySr1EvawhXmAuO67J4AaABAg,,0sIsoJYmVVM,"{""text"":""Glad to hear that the concept of line integrals and work clicked for you!""}"
UgxZgiWfEe4d-xUSXUx4AaABAg.AAEw38DwVTcAAOGK0621LR,UCPUuVY7w8brL0r__P8UBgyQ,2024-11-03T17:45:26.336936+00:00,0,UgxZgiWfEe4d-xUSXUx4AaABAg,,haJVEtLN6-k,"{""text"":""Glad to help with the refresher!""}"
Ugw6mvXXJkTqukz9hs54AaABAg.AAEwJE3Tf_-AAOGJA_gdU1,UCPUuVY7w8brL0r__P8UBgyQ,2024-11-03T17:45:19.499241+00:00,0,Ugw6mvXXJkTqukz9hs54AaABAg,,MPcfaNIREN0,"{""text"":""I'm glad the Mathematica visualization helped!""}"
Ugx2IBKugOIJfCB6FeF4AaABAg.AAF6aG3gEeBAAOGI9eRRgR,UCPUuVY7w8brL0r__P8UBgyQ,2024-11-03T17:45:11.185895+00:00,0,Ugx2IBKugOIJfCB6FeF4AaABAg,,7zYJYaftPu8,"{""text"":""Glad you found it interesting, let me know if you find any good examples!""}"
UgyxuGThqVhLebUbxgx4AaABAg.AAG60AGKw31AAOGG_nctgn,UCPUuVY7w8brL0r__P8UBgyQ,2024-11-03T17:44:58.27494+00:00,0,UgyxuGThqVhLebUbxgx4AaABAg,,a3_c4c9PYNg,"{""text"":""Glad it helped with your homework!""}"
UgxUAK-77N7E3LZaUxB4AaABAg.AAHXiAVt2pyAAOGEZO_f-A,UCPUuVY7w8brL0r__P8UBgyQ,2024-11-03T17:44:41.718539+00:00,0,UgxUAK-77N7E3LZaUxB4AaABAg,,OUwfE_-tcfo,"{""text"":""I'm glad you found the tutorial helpful!""}"
UgyaGe1mxsiJOmQMk0R4AaABAg.AAHZu3dxIyMAAOGDOSxElD,UCPUuVY7w8brL0r__P8UBgyQ,2024-11-03T17:44:32.119044+00:00,0,UgyaGe1mxsiJOmQMk0R4AaABAg,,fAZZJgm096w,"{""text"":""Glad you found it helpful!""}"
UgxbHc89vxEUqhy5Gct4AaABAg.AAHmdF645MJAAOGAlOTqEO,UCPUuVY7w8brL0r__P8UBgyQ,2024-11-03T17:44:10.596505+00:00,0,UgxbHc89vxEUqhy5Gct4AaABAg,,haJVEtLN6-k,"{""text"":""It can really help visualize some of the concepts, right?""}"
UgxOyvPhU2SJIuvJucB4AaABAg.AAHmqqYsF4_AAOG9m2qfbj,UCPUuVY7w8brL0r__P8UBgyQ,2024-11-03T17:44:02.474918+00:00,0,UgxOyvPhU2SJIuvJucB4AaABAg,,HH367um_Aho,"{""text"":""Glad the concept clicked!""}"
UgzN_VU1eMqyxLxVng94AaABAg.AAHo7YrhiqeAAOG7re5i5y,UCPUuVY7w8brL0r__P8UBgyQ,2024-11-03T17:43:46.835728+00:00,0,UgzN_VU1eMqyxLxVng94AaABAg,,C-yfMjxxsz0,"{""text"":""Glad the video helped you see the different ways to use double integrals!""}"
Ugyazw5_3a0iC13J_eN4AaABAg.AAJT2Mgb4q1AANwKbUCLna,UCPUuVY7w8brL0r__P8UBgyQ,2024-11-03T14:42:01.209675+00:00,0,Ugyazw5_3a0iC13J_eN4AaABAg,,MPcfaNIREN0,"{""text"":""Glad to hear that the explanation resonated with you!""}"
UgxORmK1k-C-oSlPCrJ4AaABAg.AAJVQBSNTqBAANwJBnHHz7,UCPUuVY7w8brL0r__P8UBgyQ,2024-11-03T14:41:49.607538+00:00,0,UgxORmK1k-C-oSlPCrJ4AaABAg,,HH367um_Aho,"{""text"":""I'm sure you'll find plenty of opportunities to use this concept!""}"
UgxKDZxo2RhZOR1jOXR4AaABAg.AAK3UsnFiScAANwDx2olVU,UCPUuVY7w8brL0r__P8UBgyQ,2024-11-03T14:41:06.60836+00:00,0,UgxKDZxo2RhZOR1jOXR4AaABAg,,JGDaIzC0o0c,"{""text"":""Glad the summary was useful!""}"
Ugxn2Vba8_MkOxKCGkh4AaABAg.AAKE09uABjuAANvz51et30,UCPUuVY7w8brL0r__P8UBgyQ,2024-11-03T14:38:56.700323+00:00,0,Ugxn2Vba8_MkOxKCGkh4AaABAg,,JGDaIzC0o0c,"{""text"":""Glad to hear it's a helpful summary!""}"
UgyvpFTzr3oX_HjWGs54AaABAg.AAKGs2hbDOvAANvxTNm0pm,UCPUuVY7w8brL0r__P8UBgyQ,2024-11-03T14:38:43.441013+00:00,0,UgyvpFTzr3oX_HjWGs54AaABAg,,FLQXW6G9P8I,"{""text"":""The props are a lot of fun to build, right?""}"
UgyaD4lyM_TI5qAEONp4AaABAg.AAKH85lnf3fAANvwJYStaS,UCPUuVY7w8brL0r__P8UBgyQ,2024-11-03T14:38:33.944953+00:00,0,UgyaD4lyM_TI5qAEONp4AaABAg,,JGDaIzC0o0c,"{""text"":""I'm happy to hear this video will be useful for your notes!""}"
Ugw23aC5hWt0FVuUh6V4AaABAg.AAKJ94I7hMKAANvuq60FCP,UCPUuVY7w8brL0r__P8UBgyQ,2024-11-03T14:38:21.900977+00:00,0,Ugw23aC5hWt0FVuUh6V4AaABAg,,KOlVHPShCOk,"{""text"":""I'm not sure that is a safe assumption but we can chat at office hours more of you'd like""}"
UgwjGnyxFxuJS1MXhmd4AaABAg.AALlQdEElyLAANvoYwCJl-,UCPUuVY7w8brL0r__P8UBgyQ,2024-11-03T14:37:30.425096+00:00,0,UgwjGnyxFxuJS1MXhmd4AaABAg,,0sIsoJYmVVM,"{""text"":""Glad the visualizations helped!""}"
UgzsjaYNeW9hJh9-PyB4AaABAg.AAMHB_ldt-uAANvmkFCyYA,UCPUuVY7w8brL0r__P8UBgyQ,2024-11-03T14:37:15.621127+00:00,0,UgzsjaYNeW9hJh9-PyB4AaABAg,,7zYJYaftPu8,"{""text"":""You're right, optimization is a natural extension of these concepts!""}"
Ugwu25YNyv9BYsbf1vJ4AaABAg.AAMWYTrFfeQAANvkcxt8dS,UCPUuVY7w8brL0r__P8UBgyQ,2024-11-03T14:36:58.297808+00:00,0,Ugwu25YNyv9BYsbf1vJ4AaABAg,,0sIsoJYmVVM,"{""text"":""I'm glad the connection to work was clear!""}"
UgwIN-c_Y8lp_QFgKFN4AaABAg.AAMl6uqF3pxAANvhZvf2M-,UCPUuVY7w8brL0r__P8UBgyQ,2024-11-03T14:36:33.218781+00:00,0,UgwIN-c_Y8lp_QFgKFN4AaABAg,,0sIsoJYmVVM,"{""text"":""Glad the visualizations helped!""}"
Ugw81Xfne8-zkCh09oF4AaABAg.AAHexuj1aYRAAHrBkdbWwo,UCPUuVY7w8brL0r__P8UBgyQ,2024-11-01T06:01:40.636429+00:00,0,Ugw81Xfne8-zkCh09oF4AaABAg,,p7PSZW9NhLU,"{""text"":""It is pretty neat how things build on each other, right?""}"
UgyTtrj_GlJQVc4GQNV4AaABAg.AAERoxQsAPeAAEm0v3Voea,UCPUuVY7w8brL0r__P8UBgyQ,2024-10-31T01:18:47.104756+00:00,0,UgyTtrj_GlJQVc4GQNV4AaABAg,,obeu4B8mXuw,"{""text"":""It's good to see the concept click!""}"
Ugyc85sEUPhsythoWGt4AaABAg.AAEThBo_LcuAAEm-Sk2Dkm,UCPUuVY7w8brL0r__P8UBgyQ,2024-10-31T01:18:35.100527+00:00,0,Ugyc85sEUPhsythoWGt4AaABAg,,QexBVGVM690,"{""text"":""Glad you found the conceptual explanation helpful!""}"
UgwoGjvsjDnCOANd5z14AaABAg.AACLqDmddXkAACNGY0DfNx,UCPUuVY7w8brL0r__P8UBgyQ,2024-10-30T02:55:14.542246+00:00,0,UgwoGjvsjDnCOANd5z14AaABAg,,MPcfaNIREN0,"{""text"":""I know, and whoever thought it was so mathematical!""}"
UgyKhpp2BFvkvTtT-y54AaABAg.AAC1DUEgOMsAACIwN7CmiB,UCPUuVY7w8brL0r__P8UBgyQ,2024-10-30T02:17:24.186527+00:00,0,UgyKhpp2BFvkvTtT-y54AaABAg,,QexBVGVM690,"{""text"":""Haha, I know it seems unfair :)  I had the same question so I did some digging to try and find his history.  Checkout timestamp ""},{""text"":""23:00"",""videoLink"":{""externalVideoId"":""QexBVGVM690"",""startTimeSeconds"":1380}},{""text"":"" for some discussion/background.""}"
Ugz4vY3rt_qqHusLbMh4AaABAg.AA7AY0eIb-uAAB5TMoJNx9,UCPUuVY7w8brL0r__P8UBgyQ,2024-10-29T15:00:28.204265+00:00,0,Ugz4vY3rt_qqHusLbMh4AaABAg,,obeu4B8mXuw,"{""text"":""I'm happy you found the MATLAB demonstration helpful!""}"
UgyTvtyva8yr-p_yc9t4AaABAg.AA91yVPr_yqAAB1HITuBJG,UCPUuVY7w8brL0r__P8UBgyQ,2024-10-29T14:23:52.182759+00:00,0,UgyTvtyva8yr-p_yc9t4AaABAg,,FoiuvPkFppg,"{""text"":""Glad it was helpful, visualizing the geometry is a big part of understanding these concepts!""}"
Ugz5zEz7GsW9-DggydZ4AaABAg.AA9bgLZ9C37AAB1G-W1FcS,UCPUuVY7w8brL0r__P8UBgyQ,2024-10-29T14:23:41.467365+00:00,0,Ugz5zEz7GsW9-DggydZ4AaABAg,,KOlVHPShCOk,"{""text"":""Glad the connections between these operators clicked for you!""}"
Ugz4777Uam9L7etozch4AaABAg.AA9euruZ37QAAB1EIHiPQS,UCPUuVY7w8brL0r__P8UBgyQ,2024-10-29T14:23:27.592589+00:00,0,Ugz4777Uam9L7etozch4AaABAg,,fAZZJgm096w,"{""text"":""I'm glad the review was helpful!""}"
UgynisM0RZHq9MP4_J54AaABAg.AA9srXRIj3oAAB1DYLeXuy,UCPUuVY7w8brL0r__P8UBgyQ,2024-10-29T14:23:21.45695+00:00,0,UgynisM0RZHq9MP4_J54AaABAg,,haJVEtLN6-k,"{""text"":""Glad to hear you found the connection to real-world applications helpful!""}"
Ugz621VsYj6yAziistF4AaABAg.AA9y-W2VslpAAB1CW0VTam,UCPUuVY7w8brL0r__P8UBgyQ,2024-10-29T14:23:12.940262+00:00,0,Ugz621VsYj6yAziistF4AaABAg,,HH367um_Aho,"{""text"":""I'm glad you found it helpful!""}"
UgwVgv6UlRfnMuJFISR4AaABAg.AAA7Dc83aC-AAB1BKgDUnB,UCPUuVY7w8brL0r__P8UBgyQ,2024-10-29T14:23:03.311047+00:00,0,UgwVgv6UlRfnMuJFISR4AaABAg,,JGDaIzC0o0c,"{""text"":""I'm happy it made doing your homework a little easier!""}"
UgzmFmOwFrktpshC61p4AaABAg.AA982_AqKIYAA99Hy3YLYa,UCPUuVY7w8brL0r__P8UBgyQ,2024-10-28T20:55:23.081208+00:00,0,UgzmFmOwFrktpshC61p4AaABAg,,obeu4B8mXuw,"{""text"":""I'm happy the cross-referencing helped!""}"
UgwTpJ74OE57lMUn22l4AaABAg.AA6QULdq7g8AA7U7lDDBuV,UCPUuVY7w8brL0r__P8UBgyQ,2024-10-28T05:19:00.550317+00:00,0,UgwTpJ74OE57lMUn22l4AaABAg,,obeu4B8mXuw,"{""text"":""You are correct, that is a typo, thanks for catching this!  The lecture notes should be correct.""}"
UgxtgROE7gLAgpyE-ad4AaABAg.AA6N9hmHHHLAA7TwkKkMaA,UCPUuVY7w8brL0r__P8UBgyQ,2024-10-28T05:17:22.290418+00:00,0,UgxtgROE7gLAgpyE-ad4AaABAg,,FoiuvPkFppg,"{""text"":""Glad the visualization helped!""}"
Ugy3Zt5I7lNZDf5MDkZ4AaABAg.AA4WMBW-_AyAA4Zd94mK77,UCPUuVY7w8brL0r__P8UBgyQ,2024-10-27T02:09:23.774192+00:00,0,Ugy3Zt5I7lNZDf5MDkZ4AaABAg,,obeu4B8mXuw,"{""text"":""Actually it is the gradient that gives the direction of quickest increase, not the directional derivative.  The direction of steepest descent is actually just the negative of the gradient.""}"
UgxkMZEkGjbnV87iARJ4AaABAg.AA41Wsns0GoAA4LF9lCfC_,UCPUuVY7w8brL0r__P8UBgyQ,2024-10-27T00:03:39.436789+00:00,0,UgxkMZEkGjbnV87iARJ4AaABAg,,pXvAh1IOO4U,"{""text"":""That state space block is a pretty handy little thing, right?""}"
Ugy8CvLMtdW_WiFNGqJ4AaABAg.AA4IzsXqWa8AA4LDbPHiVY,UCPUuVY7w8brL0r__P8UBgyQ,2024-10-27T00:03:26.712658+00:00,0,Ugy8CvLMtdW_WiFNGqJ4AaABAg,,HH367um_Aho,"{""text"":""I'm glad the visualization helped!""}"
Ugw0IGJP2FIFvYlXdLh4AaABAg.AA4EjF6Oc-6AA4FAh450hW,UCPUuVY7w8brL0r__P8UBgyQ,2024-10-26T23:10:37.005849+00:00,0,Ugw0IGJP2FIFvYlXdLh4AaABAg,,HH367um_Aho,"{""text"":""Do you have a timestamp of where you are referring to?""}"
Ugxn-TflJXErWCKSdAN4AaABAg.AA3ok01JrwvAA3ovrTA2_c,UCPUuVY7w8brL0r__P8UBgyQ,2024-10-26T19:12:31.611485+00:00,0,Ugxn-TflJXErWCKSdAN4AaABAg,,pXvAh1IOO4U,"{""text"":""I'm glad it helped clarify the inner workings of state space!""}"
UgyqOfPzb8sgBGoG0614AaABAg.AA1cfbrLPXJAA1d6_L_Qek,UCPUuVY7w8brL0r__P8UBgyQ,2024-10-25T22:50:47.219234+00:00,0,UgyqOfPzb8sgBGoG0614AaABAg,,belZC9XGBtM,"{""text"":""I'm glad it was interesting.  Remember that these videos are optional so don't feel pressured to watch them if you are pressed for time.""}"
UgwN7LQTdc9Z4Zx8eWh4AaABAg.AA0JsNzs0XFAA0aZGDf4bb,UCPUuVY7w8brL0r__P8UBgyQ,2024-10-25T13:09:14.968534+00:00,0,UgwN7LQTdc9Z4Zx8eWh4AaABAg,,pXvAh1IOO4U,"{""text"":""Nonlinear versions of this will come in AE512 when we build flight simulator models.""}"
Ugzgzl_FTeQmxj_Ovz54AaABAg.A9zvdr8XjItAA-OEWGHbgl,UCPUuVY7w8brL0r__P8UBgyQ,2024-10-25T01:53:34.817015+00:00,0,Ugzgzl_FTeQmxj_Ovz54AaABAg,,WEYX-wa9csU,"{""text"":""Glad you enjoyed the joke!""}"
Ugxl-JNd5Y-l6N_762t4AaABAg.AA-L36zL2lOAA-OCqiLdt0,UCPUuVY7w8brL0r__P8UBgyQ,2024-10-25T01:53:21.182331+00:00,0,Ugxl-JNd5Y-l6N_762t4AaABAg,,Cvu2zWk3gYw,"{""text"":""Glad it helped, Simulink is a powerful tool once you get the hang of it!""}"
UgxVbSMwMWR_TWlK9p54AaABAg.A9yEz8Cf0VaA9zsjVD3bpz,UCPUuVY7w8brL0r__P8UBgyQ,2024-10-24T21:09:35.33499+00:00,0,UgxVbSMwMWR_TWlK9p54AaABAg,,pXvAh1IOO4U,"{""text"":""Glad you found the examples helpful!""}"
UgyAJLZFHwTvWrOW19p4AaABAg.A9zamAkmhGtA9zsiVqAnWp,UCPUuVY7w8brL0r__P8UBgyQ,2024-10-24T21:09:27.211596+00:00,0,UgyAJLZFHwTvWrOW19p4AaABAg,,fAZZJgm096w,"{""text"":""I'm glad the visualizations helped! Vector mechanics can be easier to understand with a visual perspective.""}"
UgxPW87XbSSrXn1G0UV4AaABAg.A9zp7mbvwa6A9zshL90EwK,UCPUuVY7w8brL0r__P8UBgyQ,2024-10-24T21:09:17.641049+00:00,0,UgxPW87XbSSrXn1G0UV4AaABAg,,UWrkh_N1bfE,"{""text"":""Glad I could help clear up the mystery of atan2!""}"
UgzcExdnub3ns02EmVJ4AaABAg.A9y9jMu_HKDA9zFLMQidda,UCPUuVY7w8brL0r__P8UBgyQ,2024-10-24T15:16:37.875432+00:00,0,UgzcExdnub3ns02EmVJ4AaABAg,,sF_sjFqNFUk,"{""text"":""Thanks! I'm glad you found the video helpful.""}"
UgxjRz2g0_JsdReTq-14AaABAg.A9yA-omZIgfA9zFKOywjXg,UCPUuVY7w8brL0r__P8UBgyQ,2024-10-24T15:16:30.015796+00:00,0,UgxjRz2g0_JsdReTq-14AaABAg,,pXvAh1IOO4U,"{""text"":""Glad it all made sense in the end, State Space is a powerful tool once you get the hang of it!""}"
UgyAB6wQTOUBHqH3dLJ4AaABAg.A9yE9XNVm-xA9zFJ9IlmT3,UCPUuVY7w8brL0r__P8UBgyQ,2024-10-24T15:16:19.807052+00:00,0,UgyAB6wQTOUBHqH3dLJ4AaABAg,,vlCdCAEtRag,"{""text"":""Glad to hear it, sometimes a little bit of hand calculation makes the computer output a lot more satisfying.""}"
UgwBlGM7hS-57LgQRB54AaABAg.A9yShQhrlg5A9zFHx1cdev,UCPUuVY7w8brL0r__P8UBgyQ,2024-10-24T15:16:09.926024+00:00,0,UgwBlGM7hS-57LgQRB54AaABAg,,pXvAh1IOO4U,"{""text"":""No, I just try to be clean with the wiring.  There are some other tools you can use but they are difficult to get started with.""}"
Ugxk14WZKVgvtqeXa694AaABAg.A9xcLr1ZDD_A9xhoQg95xV,UCPUuVY7w8brL0r__P8UBgyQ,2024-10-24T00:55:39.68101+00:00,0,Ugxk14WZKVgvtqeXa694AaABAg,,OUwfE_-tcfo,"{""text"":""Maggie, thanks for catching this.  I forgot to hit the 'push' button.  I've fixed it and the repo should be updated with these files now.  Please let me know if you find anything else amiss, thanks!""}"
UgybS0Cn1a10_PTuggV4AaABAg.A9sDrRhYYKBA9sFZhXpB5O,UCPUuVY7w8brL0r__P8UBgyQ,2024-10-21T22:03:54.322962+00:00,0,UgybS0Cn1a10_PTuggV4AaABAg,,i2QkjxtXKos,"{""text"":""Absolutely, I stole this a while ago from a colleague so I'm happy that the tradition will continue.  More importantly, I'm happy that we all have the context and understanding to appreciate the joke!""}"
UgwI_pFROCZAU-nYiuF4AaABAg.A9ot1keqP9NA9s2Bvunzy-,UCPUuVY7w8brL0r__P8UBgyQ,2024-10-21T20:07:03.856955+00:00,0,UgwI_pFROCZAU-nYiuF4AaABAg,,WLPvCefp6Qo,"{""text"":""I'm glad you found it helpful, Simulink is a fun tool to play around with!""}"
UgyzWuk2AzlexiQR8oJ4AaABAg.A9qYvYTgCvWA9s27Q6wUt1,UCPUuVY7w8brL0r__P8UBgyQ,2024-10-21T20:06:26.892895+00:00,0,UgyzWuk2AzlexiQR8oJ4AaABAg,,sF_sjFqNFUk,"{""text"":""It can be a bit overwhelming at first but we'll go through it together step by step!""}"
UgwTEX2yFAWSO9e_DPx4AaABAg.A9qZFN2nbsJA9s26lthQ5g,UCPUuVY7w8brL0r__P8UBgyQ,2024-10-21T20:06:21.616673+00:00,0,UgwTEX2yFAWSO9e_DPx4AaABAg,,eJMf9CYHr6c,"{""text"":""I'm glad you found the explanation helpful!""}"
UgzG84RjBd-Vmlca22p4AaABAg.A9rCHBQq6lgA9rWOhWD-sc,UCPUuVY7w8brL0r__P8UBgyQ,2024-10-21T15:11:42.642778+00:00,0,UgzG84RjBd-Vmlca22p4AaABAg,,40UUPvrHN-c,"{""text"":""Thanks for watching!""}"
Ugx7-Da295lsk1K9fbB4AaABAg,UCPUuVY7w8brL0r__P8UBgyQ,2024-10-21T15:11:18.933914+00:00,0,,,40UUPvrHN-c,"{""text"":""In case it is helpful, here are all my calculus videos in a single playlist ""},{""text"":""https://www.youtube.com/playlist?list=PLxdnSsBqCrrGHwNWnP5XVhytcGL9ExuPE"",""playlistLink"":{""externalPlaylistId"":""PLxdnSsBqCrrGHwNWnP5XVhytcGL9ExuPE""}},{""text"":"".  You can support this channel via Patreon at ""},{""text"":""https://www.patreon.com/christopherwlum"",""link"":{""linkUrl"":""https://www.patreon.com/christopherwlum""}},{""text"":"" or by clicking on the 'Thanks' button underneath the video. Please let me know what you think in the comments.  Thanks for watching!""}"
UgyjURcYhgbGlD0tCHh4AaABAg,UCPUuVY7w8brL0r__P8UBgyQ,2024-10-21T15:11:03.470727+00:00,0,,,y5rABxjF_o8,"{""text"":""In case it is helpful, here are all my calculus videos in a single playlist ""},{""text"":""https://www.youtube.com/playlist?list=PLxdnSsBqCrrGHwNWnP5XVhytcGL9ExuPE"",""playlistLink"":{""externalPlaylistId"":""PLxdnSsBqCrrGHwNWnP5XVhytcGL9ExuPE""}},{""text"":"".  You can support this channel via Patreon at ""},{""text"":""https://www.patreon.com/christopherwlum"",""link"":{""linkUrl"":""https://www.patreon.com/christopherwlum""}},{""text"":"" or by clicking on the 'Thanks' button underneath the video. Please let me know what you think in the comments.  Thanks for watching!""}"
Ugw7dAfTWmVRHH6FIK54AaABAg.A9qWj-atEzkA9qcBGrXVRZ,UCPUuVY7w8brL0r__P8UBgyQ,2024-10-21T06:51:48.27568+00:00,0,Ugw7dAfTWmVRHH6FIK54AaABAg,,Cvu2zWk3gYw,"{""text"":""Glad to hear it, Simulink is a powerful tool once you get the hang of it!""}"
Ugx8y3_wYpEJiVqVBZp4AaABAg.A9kualePumRA9qR0KPhtzh,UCPUuVY7w8brL0r__P8UBgyQ,2024-10-21T05:05:27.156265+00:00,0,Ugx8y3_wYpEJiVqVBZp4AaABAg,,t98ILS2YdrU,"{""text"":""Yes, it is called the Laplace method ðŸ˜Š.  This is why the method of undetermined coefficients is not a good approach and the Laplace or state space method is superior.""}"
UgxWo9T9c_jiDjj0YRN4AaABAg.A9qBiPFrB5fA9qGs2HRUgU,UCPUuVY7w8brL0r__P8UBgyQ,2024-10-21T03:36:48.219063+00:00,0,UgxWo9T9c_jiDjj0YRN4AaABAg,,pXvAh1IOO4U,"{""text"":""Glad it was helpful, state space is a powerful tool in linear systems!""}"
Ugz7iEZRjVX8LEQBA2h4AaABAg.A9pzCYk4NSLA9qGqzdkwyh,UCPUuVY7w8brL0r__P8UBgyQ,2024-10-21T03:36:39.568017+00:00,0,Ugz7iEZRjVX8LEQBA2h4AaABAg,,WEYX-wa9csU,"{""text"":""I'm glad you enjoyed the math joke!""}"
Ugycf8lHrjIoWHZ_9C14AaABAg.A9q2k_sxougA9qGqOvbTtA,UCPUuVY7w8brL0r__P8UBgyQ,2024-10-21T03:36:34.750927+00:00,0,Ugycf8lHrjIoWHZ_9C14AaABAg,,pXvAh1IOO4U,"{""text"":""I'm glad you were able to get a better understanding of state space representation and Simulink is definitely a fun tool to play with!""}"
UgxLEDsNH6s68WBVFG14AaABAg.A9lHUEoKUHgA9mSDXSYlvC,UCPUuVY7w8brL0r__P8UBgyQ,2024-10-19T15:59:01.868691+00:00,0,UgxLEDsNH6s68WBVFG14AaABAg,,Cvu2zWk3gYw,"{""text"":""Glad you found it helpful, Simulink is a fun tool to play around with!""}"
Ugw1DMZuCNg0tZmJQRt4AaABAg.A9jmCE8KlxVA9kSXpknKbX,UCPUuVY7w8brL0r__P8UBgyQ,2024-10-18T21:23:19.331663+00:00,0,Ugw1DMZuCNg0tZmJQRt4AaABAg,,1VmeijdM1qs,"{""text"":""Glad it helped!""}"
UgzAp9LrnjGOpKJbMmd4AaABAg.A9jqPXzenYZA9kSWds5z6j,UCPUuVY7w8brL0r__P8UBgyQ,2024-10-18T21:23:09.556715+00:00,0,UgzAp9LrnjGOpKJbMmd4AaABAg,,t98ILS2YdrU,"{""text"":""I'm glad you found it helpful!""}"
UgyZxYJM1arpuZuX92R4AaABAg.A9kJtFyRuH7A9kSWIKyli4,UCPUuVY7w8brL0r__P8UBgyQ,2024-10-18T21:23:06.727137+00:00,0,UgyZxYJM1arpuZuX92R4AaABAg,,pXvAh1IOO4U,"{""text"":""Glad I could help clear up some of that confusion!""}"
UgysxvPeQTb6jTVAuBV4AaABAg.A9jlZLUO7rgA9k5aY66Jn-,UCPUuVY7w8brL0r__P8UBgyQ,2024-10-18T18:02:51.09536+00:00,0,UgysxvPeQTb6jTVAuBV4AaABAg,,pXvAh1IOO4U,"{""text"":""Glad it was helpful, State Space is a very powerful tool and you'll find it extremely useful!""}"
UgxGEOLUf5-hJHsBhp14AaABAg.A9fQHy5pOgMA9h3jzNwlQl,UCPUuVY7w8brL0r__P8UBgyQ,2024-10-17T13:48:56.536293+00:00,0,UgxGEOLUf5-hJHsBhp14AaABAg,,wZkrU1lPObM,"{""text"":""Thanks!  I'm glad you liked the series!""}"
Ugzb1nsOs1Xw5hFNex54AaABAg.A9fpdc6WgrkA9h3f0JmL85,UCPUuVY7w8brL0r__P8UBgyQ,2024-10-17T13:48:15.834436+00:00,0,Ugzb1nsOs1Xw5hFNex54AaABAg,,wZkrU1lPObM,"{""text"":""It's great to see people picking up on the nerdy analogies!""}"
Ugzq-5RWXgw_55C8TmZ4AaABAg.A9g3nMZ2UM3A9h3bjpfGOL,UCPUuVY7w8brL0r__P8UBgyQ,2024-10-17T13:47:49.032075+00:00,0,Ugzq-5RWXgw_55C8TmZ4AaABAg,,Cvu2zWk3gYw,"{""text"":""Glad you found it helpful!""}"
Ugwxq9JeekUP0a9E3rB4AaABAg.A9g69DL7M36A9h3aO7YJz0,UCPUuVY7w8brL0r__P8UBgyQ,2024-10-17T13:47:37.908362+00:00,0,Ugwxq9JeekUP0a9E3rB4AaABAg,,q0nX8uIFZ_k,"{""text"":""It sure does make life easier!""}"
UgwBKDJ6puZs6mfoVyV4AaABAg.A9g0bxpx-pyA9g1plSnvWQ,UCPUuVY7w8brL0r__P8UBgyQ,2024-10-17T04:13:00.877217+00:00,0,UgwBKDJ6puZs6mfoVyV4AaABAg,,J8il5eB_VS8,"{""text"":""Glad they were helpful!""}"
UgxmYy9VEfdU6oJ8pEh4AaABAg.A9f2O43rHewA9fYyBKCsHg,UCPUuVY7w8brL0r__P8UBgyQ,2024-10-16T23:43:16.967499+00:00,0,UgxmYy9VEfdU6oJ8pEh4AaABAg,,q0nX8uIFZ_k,"{""text"":""I'm glad it was helpful!""}"
Ugy2n9Yt7Jquk4e5EQR4AaABAg.A9fQo_r-6MFA9fYwHXvHEM,UCPUuVY7w8brL0r__P8UBgyQ,2024-10-16T23:43:01.384658+00:00,0,Ugy2n9Yt7Jquk4e5EQR4AaABAg,,3Kox-3APznI,"{""text"":""I'm glad it brought back some old memories, there are more comparisons to come!""}"
UgzrbGlqsmsnW7TDBtp4AaABAg.A9fXByB4IYxA9fYuziSoj_,UCPUuVY7w8brL0r__P8UBgyQ,2024-10-16T23:42:50.788935+00:00,0,UgzrbGlqsmsnW7TDBtp4AaABAg,,WLPvCefp6Qo,"{""text"":""Glad to hear it, Simulink is a fun tool to play around with!""}"
UgwbmeQY3dLXhEqWDZt4AaABAg.A9f2kC_BJhfA9f6FEdUGLz,UCPUuVY7w8brL0r__P8UBgyQ,2024-10-16T19:32:20.489981+00:00,0,UgwbmeQY3dLXhEqWDZt4AaABAg,,Cvu2zWk3gYw,"{""text"":""I'm glad it was helpful, Simulink is a fun tool to play around with and I hope you enjoyed it.""}"
UgzoalY2epAs38EFNqt4AaABAg.A9ekSnIthH2A9eltnKvHty,UCPUuVY7w8brL0r__P8UBgyQ,2024-10-16T16:25:46.497167+00:00,0,UgzoalY2epAs38EFNqt4AaABAg,,vlCdCAEtRag,"{""text"":""Don't worry too much about the synthetic division, we won't use this anywhere else in the class and Mathematica or other tools can get your roots of higher order polynomials.""}"
UgxIdSV8BxXhnUtuHNB4AaABAg.A9bRy5IQv5qA9edWaCWjdJ,UCPUuVY7w8brL0r__P8UBgyQ,2024-10-16T15:12:34.006242+00:00,0,UgxIdSV8BxXhnUtuHNB4AaABAg,,wEevt2a4SKI,"{""text"":""Thanks for the kind words and for watching!""}"
UgxxS3kqWOQhwsV6Bzp4AaABAg.A9d0fyI_4CLA9edTlqJwyE,UCPUuVY7w8brL0r__P8UBgyQ,2024-10-16T15:12:10.905511+00:00,0,UgxxS3kqWOQhwsV6Bzp4AaABAg,,yI7UX76tLeY,"{""text"":""Yes, come over to controls, we'd love to have you :)""}"
UgycdcgzHr4xHO2hQXF4AaABAg.A9dQWFZ7ayPA9edOlVCBpl,UCPUuVY7w8brL0r__P8UBgyQ,2024-10-16T15:11:29.87035+00:00,0,UgycdcgzHr4xHO2hQXF4AaABAg,,q0nX8uIFZ_k,"{""text"":""Glad you liked it, there are more nerdy analogies coming in the future!""}"
UgzvzgDIUr3lzpodJSB4AaABAg.A9d_slvvPvVA9edNirvCy-,UCPUuVY7w8brL0r__P8UBgyQ,2024-10-16T15:11:21.33442+00:00,0,UgzvzgDIUr3lzpodJSB4AaABAg,,q0nX8uIFZ_k,"{""text"":""Glad you liked it, there are more nerdy analogies coming in the future!""}"
UgyfIN4JkXWK0joeSIR4AaABAg.A9dhRqCv774A9edMHpraqr,UCPUuVY7w8brL0r__P8UBgyQ,2024-10-16T15:11:09.543245+00:00,0,UgyfIN4JkXWK0joeSIR4AaABAg,,wZkrU1lPObM,"{""text"":""Glad you liked it, there are more nerdy analogies coming in the future!""}"
Ugz5nK5MxY0kgU-L_JB4AaABAg.A9aon6R8rdRA9arf1N91Uk,UCPUuVY7w8brL0r__P8UBgyQ,2024-10-15T03:59:13.651659+00:00,0,Ugz5nK5MxY0kgU-L_JB4AaABAg,,q0nX8uIFZ_k,"{""text"":""I'm glad the reference is still valid, this is a bit of an older game :)""}"
UgzjZUDpenNRexFTaal4AaABAg.A9YTj04yaDvA9arXX77fHZ,UCPUuVY7w8brL0r__P8UBgyQ,2024-10-15T03:58:03.981486+00:00,0,UgzjZUDpenNRexFTaal4AaABAg,,WEYX-wa9csU,"{""text"":""Buckle up, I've got a few more coming up :)""}"
UgwMJ97isBYA8_8jN154AaABAg.A9X0NJBf3zsA9arVQtdQ6I,UCPUuVY7w8brL0r__P8UBgyQ,2024-10-15T03:57:46.814555+00:00,0,UgwMJ97isBYA8_8jN154AaABAg,,WEYX-wa9csU,"{""text"":""Buckle up, I've got a few more coming up :)""}"
Ugzm7YqqWIBJJ97whGF4AaABAg.A9_vMj_e1K-A9ar5RkQ-bs,UCPUuVY7w8brL0r__P8UBgyQ,2024-10-15T03:54:13.924336+00:00,0,Ugzm7YqqWIBJJ97whGF4AaABAg,,y5rABxjF_o8,"{""text"":""Pierre, great to hear from you.  Let me know how your sensor fusion project goes, it sounds like an interesting topic of conversation.  Thanks for supporting the channel and for watching!""}"
UgyZlirGvSQZ_mBySjp4AaABAg.A9T8RMiLSyeA9Wfa_Lm1EU,UCPUuVY7w8brL0r__P8UBgyQ,2024-10-13T03:37:33.553293+00:00,0,UgyZlirGvSQZ_mBySjp4AaABAg,,AxgzzJposVo,"{""text"":""Thanks for catching these, please let me know if you find anything else amiss in the future, thanks!""}"
Ugx4snHw8FqVk2D18D14AaABAg.A9U4M9-gtmdA9WfVTIs_hn,UCPUuVY7w8brL0r__P8UBgyQ,2024-10-13T03:36:43.503743+00:00,0,Ugx4snHw8FqVk2D18D14AaABAg,,q0nX8uIFZ_k,"{""text"":""Glad it was helpful!""}"
UgxL-EwmZ6seXzjn5Dx4AaABAg.A9Vozf8hNfGA9WfKKvijbD,UCPUuVY7w8brL0r__P8UBgyQ,2024-10-13T03:35:12.303963+00:00,0,UgxL-EwmZ6seXzjn5Dx4AaABAg,,yI7UX76tLeY,"{""text"":""That sounds amazing.  I'd love to hear more about this.  Do you have a video or something similar?  If you're going the controls route we might have a project or two that might be relevant to tuning PID controllers.""}"
UgxYK2JwrP7U-1-VX8h4AaABAg.A9Vy_DhT8kGA9WfCKICJrj,UCPUuVY7w8brL0r__P8UBgyQ,2024-10-13T03:34:06.703013+00:00,0,UgxYK2JwrP7U-1-VX8h4AaABAg,,J8il5eB_VS8,"{""text"":""Did any of your students have a TI-89?  I remember those things were like little versions of Mathematica in a calculator form.""}"
UgxhZwuKszgaozqYhbx4AaABAg.A9Vz2qfYmjyA9Wf9Ype4aI,UCPUuVY7w8brL0r__P8UBgyQ,2024-10-13T03:33:43.973843+00:00,0,UgxhZwuKszgaozqYhbx4AaABAg,,WEYX-wa9csU,"{""text"":""Glad you like them, I've got a few other math jokes up my sleeve so be on the lookout for more corny jokes in future videos.""}"
UgyBt5LKu8NdFn71WXN4AaABAg.A9W3Ugzjh2lA9Wf6JT5oNk,UCPUuVY7w8brL0r__P8UBgyQ,2024-10-13T03:33:17.437558+00:00,0,UgyBt5LKu8NdFn71WXN4AaABAg,,vlCdCAEtRag,"{""text"":""Unfortunately I don't have a video of this yet.  It is on my list of videos to make.""}"
Ugz2qaqlv8-rEXJbeOx4AaABAg.A9Wdm6DXsCKA9Wf2-_zUBr,UCPUuVY7w8brL0r__P8UBgyQ,2024-10-13T03:32:42.109844+00:00,0,Ugz2qaqlv8-rEXJbeOx4AaABAg,,t98ILS2YdrU,"{""text"":""I'm glad it is entertaining.  Look out for more appearances of dogs in future videos :)""}"
UgzBD1Oa_gBU1n0eInl4AaABAg.A9UZZjOIvBvA9VRbQPFV_s,UCPUuVY7w8brL0r__P8UBgyQ,2024-10-12T16:07:21.718639+00:00,0,UgzBD1Oa_gBU1n0eInl4AaABAg,,J8il5eB_VS8,"{""text"":""Great questions.  to use your example you could do [5 zeros(1,70) 3 0 5].  The underscore notation is how you define a function in Mathematica.  I'll go over this in office hours at some point, please remind me.""}"
Ugx3nQA7D9fdfWIeZ-p4AaABAg,UCPUuVY7w8brL0r__P8UBgyQ,2024-10-09T04:35:42.783479+00:00,0,,,7zYJYaftPu8,"{""text"":""In case it is helpful, here are all my calculus videos in a single playlist ""},{""text"":""https://www.youtube.com/playlist?list=PLxdnSsBqCrrGHwNWnP5XVhytcGL9ExuPE"",""playlistLink"":{""externalPlaylistId"":""PLxdnSsBqCrrGHwNWnP5XVhytcGL9ExuPE""}},{""text"":"".  You can support this channel via Patreon at ""},{""text"":""https://www.patreon.com/christopherwlum"",""link"":{""linkUrl"":""https://www.patreon.com/christopherwlum""}},{""text"":"" or by clicking on the 'Thanks' button underneath the video. Please let me know what you think in the comments.  Thanks for watching!""}"
UgwycbLgNf3CPjat7fZ4AaABAg.A9F0rbCvV-nA9IMKhL0jbv,UCPUuVY7w8brL0r__P8UBgyQ,2024-10-07T14:11:07.492924+00:00,0,UgwycbLgNf3CPjat7fZ4AaABAg,,PqaoKr1IlTg,"{""text"":""Me too, I like to think visually""}"
UgyJBXMoW4Z6p7GGWtF4AaABAg.A9GPAII6kp9A9IMFoHUdke,UCPUuVY7w8brL0r__P8UBgyQ,2024-10-07T14:10:27.423847+00:00,0,UgyJBXMoW4Z6p7GGWtF4AaABAg,,182m2cSyuUs,"{""text"":""Glad it was helpful, Mathematica is a rich language and there is tons to learn.  Let me know how it goes as the quarter progresses""}"
Ugzo1S7PnzSMWLWl0sJ4AaABAg.A9GUeavtrR3A9IM5LMMKDw,UCPUuVY7w8brL0r__P8UBgyQ,2024-10-07T14:09:01.683435+00:00,0,Ugzo1S7PnzSMWLWl0sJ4AaABAg,,PqaoKr1IlTg,"{""text"":""Glad it was helpful, let me know how the other videos go over the next few weeks.""}"
Ugzrj9SK9XN4v7y_mKV4AaABAg.A9GXQQMyAO_A9IM1fXyYa6,UCPUuVY7w8brL0r__P8UBgyQ,2024-10-07T14:08:31.621653+00:00,0,Ugzrj9SK9XN4v7y_mKV4AaABAg,,182m2cSyuUs,"{""text"":""Yes, this is really helpful but be very careful with this.  I've made the mistake a few times of saving/assigning a MatrixForm object to a variable and this never goes well.""}"
Ugx0APXD5Tjvjy7zF4N4AaABAg.A9GpO6XenayA9ILwCSKHlQ,UCPUuVY7w8brL0r__P8UBgyQ,2024-10-07T14:07:38.631829+00:00,0,Ugx0APXD5Tjvjy7zF4N4AaABAg,,mXFDAz3S9Uk,"{""text"":""Looks like you're up to speed on Mathematica now :)""}"
UgxKmRd4r8MgRiZzHmF4AaABAg.A9GqA3rYcvsA9ILsU_vOeo,UCPUuVY7w8brL0r__P8UBgyQ,2024-10-07T14:07:08.181931+00:00,0,UgxKmRd4r8MgRiZzHmF4AaABAg,,182m2cSyuUs,"{""text"":""Looks like you're up to speed on Mathematica now :)""}"
UgwMW4S2n8osu9_pvnd4AaABAg.A9H03roW1xsA9ILpwq7p-l,UCPUuVY7w8brL0r__P8UBgyQ,2024-10-07T14:06:47.339249+00:00,0,UgwMW4S2n8osu9_pvnd4AaABAg,,gDmpqn92s5U,"{""text"":""Great, I'm glad it was helpful.  Keep me posted on how the other videos go over the next few weeks""}"
UgzmLSZqLl_bvOsmwDx4AaABAg.A9H7uAKTABlA9ILlMBRa-s,UCPUuVY7w8brL0r__P8UBgyQ,2024-10-07T14:06:09.736825+00:00,0,UgzmLSZqLl_bvOsmwDx4AaABAg,,eIv8muz9Hsk,"{""text"":""Great, hopefully this makes it easy to replicate on the HW""}"
UgyaLtS0sWMoX0LWEDJ4AaABAg.A9HA2heBgjRA9ILidGE0sc,UCPUuVY7w8brL0r__P8UBgyQ,2024-10-07T14:05:47.490379+00:00,0,UgyaLtS0sWMoX0LWEDJ4AaABAg,,182m2cSyuUs,"{""text"":""Glad it was helpful, I really like Mathematica and hopefully it helps this quarter""}"
Ugz9eyi4CfdL8UXfFkR4AaABAg.A9HCXqe6YDRA9ILee0YYh7,UCPUuVY7w8brL0r__P8UBgyQ,2024-10-07T14:05:14.829214+00:00,0,Ugz9eyi4CfdL8UXfFkR4AaABAg,,182m2cSyuUs,"{""text"":""Great, keep me posted on how the other videos go.""}"
UgyztOVQHyBYox2e0M94AaABAg.A9HDwibdjpyA9ILbUBdZZH,UCPUuVY7w8brL0r__P8UBgyQ,2024-10-07T14:04:48.861076+00:00,0,UgyztOVQHyBYox2e0M94AaABAg,,AxgzzJposVo,"{""text"":""Yeah, this is a bit of a love/hate relationship with me as well :)""}"
UgxVkRVDkcP2IUjgQbh4AaABAg.A9HXweCwblNA9ILYxL1B4P,UCPUuVY7w8brL0r__P8UBgyQ,2024-10-07T14:04:19.959594+00:00,0,UgxVkRVDkcP2IUjgQbh4AaABAg,,j-utznrXmcY,"{""text"":""Awesome, looks like you are up to speed on Mathematica now :)""}"
Ugw0YcSyyy2fmCf62nN4AaABAg.A9BgtN357dqA9Bj1K6HHf3,UCPUuVY7w8brL0r__P8UBgyQ,2024-10-05T00:23:30.64145+00:00,0,Ugw0YcSyyy2fmCf62nN4AaABAg,,AxgzzJposVo,"{""text"":""Haha, that is funny :), it seems like the YouTube algorithm is pretty smart.  Glad it was helpful!""}"
UgxGSM0U83cLMXC9hRd4AaABAg.A95gPYUmnHZA9AlfP_3SSJ,UCPUuVY7w8brL0r__P8UBgyQ,2024-10-04T15:27:21.357875+00:00,0,UgxGSM0U83cLMXC9hRd4AaABAg,,N5R8IZ0R3PI,"{""text"":""Great, glad it was useful, we'll leverage this more during the quarter so it is good to get this laid out sooner rather than later.""}"
UgyjFNryFsiv9KL8XYV4AaABAg.A96OVay1f8TA9AlekDDiTF,UCPUuVY7w8brL0r__P8UBgyQ,2024-10-04T15:27:15.935093+00:00,0,UgyjFNryFsiv9KL8XYV4AaABAg,,N5R8IZ0R3PI,"{""text"":""Great, glad it was useful, we'll leverage this more during the quarter so it is good to get this laid out sooner rather than later.""}"
Ugw1gGYUEZ_whl1Wyi14AaABAg.A96QEs1Jor_A9AldHhZSmZ,UCPUuVY7w8brL0r__P8UBgyQ,2024-10-04T15:27:03.971997+00:00,0,Ugw1gGYUEZ_whl1Wyi14AaABAg,,N5R8IZ0R3PI,"{""text"":""Great, glad it was useful, we'll leverage this more during the quarter so it is good to get this laid out sooner rather than later.""}"
UgzEEPZdcI-v_WqAvw94AaABAg.A96kUzM--kvA9AlbGBnpuF,UCPUuVY7w8brL0r__P8UBgyQ,2024-10-04T15:26:47.356974+00:00,0,UgzEEPZdcI-v_WqAvw94AaABAg,,N5R8IZ0R3PI,"{""text"":""Great, glad it was useful, we'll leverage this more during the quarter so it is good to get this laid out sooner rather than later.""}"
Ugx7RXkrpXXZatoZGLJ4AaABAg.A96rIW6iSKfA9AlYOa3PTr,UCPUuVY7w8brL0r__P8UBgyQ,2024-10-04T15:26:15.683404+00:00,0,Ugx7RXkrpXXZatoZGLJ4AaABAg,,N5R8IZ0R3PI,"{""text"":""Great, glad it was useful, we'll leverage this more during the quarter so it is good to get this laid out sooner rather than later.""}"
UgwrhKenC48thwhdN_h4AaABAg.A9704eMZlKWA9AlXhW7X1F,UCPUuVY7w8brL0r__P8UBgyQ,2024-10-04T15:26:10.039758+00:00,0,UgwrhKenC48thwhdN_h4AaABAg,,N5R8IZ0R3PI,"{""text"":""Great, glad it was useful, we'll leverage this more during the quarter so it is good to get this laid out sooner rather than later.""}"
UgyqrRQe0UJGZE_2KcN4AaABAg.A98PPEa5af-A9AlTtWyNKs,UCPUuVY7w8brL0r__P8UBgyQ,2024-10-04T15:25:38.819694+00:00,0,UgyqrRQe0UJGZE_2KcN4AaABAg,,AxgzzJposVo,"{""text"":""Great, glad it was useful, we'll leverage this more during the quarter so it is good to get this laid out sooner rather than later.""}"
Ugz6TsJCFSUQ-heb0Wp4AaABAg.A98vdvZfBzbA9AlS2uvjH_,UCPUuVY7w8brL0r__P8UBgyQ,2024-10-04T15:25:23.760756+00:00,0,Ugz6TsJCFSUQ-heb0Wp4AaABAg,,N5R8IZ0R3PI,"{""text"":""Glad it was helpful!""}"
UgyP7eK2G4UBS0M7L1N4AaABAg.A994FzpwQ9GA9AlOMJeg_T,UCPUuVY7w8brL0r__P8UBgyQ,2024-10-04T15:24:53.484527+00:00,0,UgyP7eK2G4UBS0M7L1N4AaABAg,,N5R8IZ0R3PI,"{""text"":""Great, glad it was useful, we'll leverage this more during the quarter so it is good to get this laid out sooner rather than later.""}"
UgzVaZa2E5Wd_NnAE7Z4AaABAg.A99HD3UZXGSA9AlL_TGEHa,UCPUuVY7w8brL0r__P8UBgyQ,2024-10-04T15:24:30.720583+00:00,0,UgzVaZa2E5Wd_NnAE7Z4AaABAg,,AxgzzJposVo,"{""text"":""Great, glad it was useful, we'll leverage this more during the quarter so let me know how things go as the weeks progress""}"
UgyETi4hU2WPm4Msl2x4AaABAg.A99M4FUbOOaA9AlHUQXbBW,UCPUuVY7w8brL0r__P8UBgyQ,2024-10-04T15:23:57.1691+00:00,0,UgyETi4hU2WPm4Msl2x4AaABAg,,N5R8IZ0R3PI,"{""text"":""Great, glad it was useful, we'll leverage this more during the quarter""}"
UgynWCa4zh_kJ2Wh4Zp4AaABAg.A99NDddeDiiA9AlErxjcJi,UCPUuVY7w8brL0r__P8UBgyQ,2024-10-04T15:23:35.684872+00:00,0,UgynWCa4zh_kJ2Wh4Zp4AaABAg,,N5R8IZ0R3PI,"{""text"":""Great, glad it was useful, we'll leverage this more during the quarter""}"
Ugzvlx08feFA038u9Yx4AaABAg.A99YFEeQ0V0A9AlCgaUkCg,UCPUuVY7w8brL0r__P8UBgyQ,2024-10-04T15:23:17.90392+00:00,0,Ugzvlx08feFA038u9Yx4AaABAg,,N5R8IZ0R3PI,"{""text"":""I know, the . vs. .* notation is a bit of a doozy and you have to be careful how MATLAB and Mathematica handle this.  We'll use this more during the quarter so it is good to get this straightened out sooner rather than later.  Keep me posted on how the rest of the videos go!""}"
Ugx87D8LsfnhDUzRuTF4AaABAg.A99Zot2vSMuA9Al1Z1zG7g,UCPUuVY7w8brL0r__P8UBgyQ,2024-10-04T15:21:46.699095+00:00,0,Ugx87D8LsfnhDUzRuTF4AaABAg,,182m2cSyuUs,"{""text"":""Glad it was useful, we'll use this much more during the quarter.""}"
UgwW7sWrzd7RhyckTjF4AaABAg.A99bL_IbyCTA9Al-LZUs4m,UCPUuVY7w8brL0r__P8UBgyQ,2024-10-04T15:21:28.594061+00:00,0,UgwW7sWrzd7RhyckTjF4AaABAg,,182m2cSyuUs,"{""text"":""I really like how it handles matrices and we'll use this a lot more during the quarter.""}"
UgzUCOZZ1C6l5q47cFx4AaABAg.A9AMbEn32dQA9AkxlQjNlQ,UCPUuVY7w8brL0r__P8UBgyQ,2024-10-04T15:21:07.455822+00:00,0,UgzUCOZZ1C6l5q47cFx4AaABAg,,QexBVGVM690,"{""text"":""I'm glad it was helpful.  I have several related videos on the channel, please feel free to check them out and let me know what you think.  Thanks for watching!""}"
UgzlWRBuDvKB4YQdC1t4AaABAg.A98J5yrs5qCA98P72wTQxI,UCPUuVY7w8brL0r__P8UBgyQ,2024-10-03T17:23:04.207179+00:00,0,UgzlWRBuDvKB4YQdC1t4AaABAg,,eIv8muz9Hsk,"{""text"":""@lukewideman1"",""mention"":{""externalChannelId"":""UC_ZpRtYJQvDBpVrHpEIy07Q""}},{""text"":"" Excellent find, thanks for catching this.  I've updated the lecture notes with the correct coefficient.  Please let me know if your sharp eye catches anything else in other videos.  Course participation point bounties are available for these finds :)""}"
UgxUFw-pLgMVHljEYK54AaABAg.A95jxlqc_DtA95mDXgBmHh,UCPUuVY7w8brL0r__P8UBgyQ,2024-10-02T16:55:56.856707+00:00,0,UgxUFw-pLgMVHljEYK54AaABAg,,eIv8muz9Hsk,"{""text"":""Glad it was helpful, keep me posted on how the other videos go!""}"
Ugx5oETdDC3cg-bxK-x4AaABAg.A95jR4NVcHgA95mAjcP1cZ,UCPUuVY7w8brL0r__P8UBgyQ,2024-10-02T16:55:34.005903+00:00,0,Ugx5oETdDC3cg-bxK-x4AaABAg,,PqaoKr1IlTg,"{""text"":""Glad it was helpful.  Be very careful with MATLAB vs. Mathematica.  You'll see several times where the two systems give the same answer but in different formats so it is easy to misinterpret results from one or the other.""}"
Ugyvi-nJEEY3Pbd5TuR4AaABAg.A94VrpErkzUA94YWG9wltn,UCPUuVY7w8brL0r__P8UBgyQ,2024-10-02T05:28:11.614177+00:00,0,Ugyvi-nJEEY3Pbd5TuR4AaABAg,,N5R8IZ0R3PI,"{""text"":""I'm glad it was helpful and it is good to see you getting a head start on the material!  Please let me know how the rest of the videos go!""}"
UgxCuCtarfboVJt4zQJ4AaABAg.A94HI1PO8xqA94MQ4iPPsL,UCPUuVY7w8brL0r__P8UBgyQ,2024-10-02T03:42:29.461758+00:00,0,UgxCuCtarfboVJt4zQJ4AaABAg,,eIv8muz9Hsk,"{""text"":""Nice, getting an early start on these, let me know how the other videos go!""}"
UgxOjRDSipo7YPzV8K94AaABAg.A94ANlE-upxA94MO_haCGU,UCPUuVY7w8brL0r__P8UBgyQ,2024-10-02T03:42:17.167796+00:00,0,UgxOjRDSipo7YPzV8K94AaABAg,,eIv8muz9Hsk,"{""text"":""Nice, getting an early start on these, let me know how the other videos go!""}"
UgyvLe4IM4TrNSVIAh54AaABAg.A947Ur9OE7JA94MN-m7tNy,UCPUuVY7w8brL0r__P8UBgyQ,2024-10-02T03:42:04.290123+00:00,0,UgyvLe4IM4TrNSVIAh54AaABAg,,eIv8muz9Hsk,"{""text"":""Nice, getting an early start on these, let me know how the other videos go!""}"
UgyZ83KAvgnEe_hIXh54AaABAg,UCPUuVY7w8brL0r__P8UBgyQ,2024-10-01T14:59:14.307371+00:00,0,,,0sIsoJYmVVM,"{""text"":""In case it is helpful, here are all my calculus videos in a single playlist ""},{""text"":""https://www.youtube.com/playlist?list=PLxdnSsBqCrrGHwNWnP5XVhytcGL9ExuPE"",""playlistLink"":{""externalPlaylistId"":""PLxdnSsBqCrrGHwNWnP5XVhytcGL9ExuPE""}},{""text"":"".  You can support this channel via Patreon at ""},{""text"":""https://www.patreon.com/christopherwlum"",""link"":{""linkUrl"":""https://www.patreon.com/christopherwlum""}},{""text"":"" or by clicking on the 'Thanks' button underneath the video. Please let me know what you think in the comments.  Thanks for watching!""}"
UgytZQlbdByNWkuExS94AaABAg,UCPUuVY7w8brL0r__P8UBgyQ,2024-09-24T00:13:48.557785+00:00,0,,,JGDaIzC0o0c,"{""text"":""In case it is helpful, here are all my calculus videos in a single playlist ""},{""text"":""https://www.youtube.com/playlist?list=PLxdnSsBqCrrGHwNWnP5XVhytcGL9ExuPE"",""playlistLink"":{""externalPlaylistId"":""PLxdnSsBqCrrGHwNWnP5XVhytcGL9ExuPE""}},{""text"":"".  You can support this channel via Patreon at ""},{""text"":""https://www.patreon.com/christopherwlum"",""link"":{""linkUrl"":""https://www.patreon.com/christopherwlum""}},{""text"":"" or by clicking on the 'Thanks' button underneath the video. Please let me know what you think in the comments.  Thanks for watching!""}"
UgykhO0_C3tJDEn99QR4AaABAg.A8g-TxHpeuRA8hNJLrStVx,UCPUuVY7w8brL0r__P8UBgyQ,2024-09-22T20:08:32.297282+00:00,0,UgykhO0_C3tJDEn99QR4AaABAg,,KOlVHPShCOk,"{""text"":""Thanks for the kind words.  Please feel free to check out some of the other videos and let me know what you think, thanks for watching!""}"
UgwGvtxiroxUoaVb6Cd4AaABAg.A8SCjNMBVBXA8SWdw7r3rC,UCPUuVY7w8brL0r__P8UBgyQ,2024-09-16T16:22:16.787567+00:00,0,UgwGvtxiroxUoaVb6Cd4AaABAg,,KOlVHPShCOk,"{""text"":""Thanks for the kind words and thanks for watching.  I hope to hear from you again at a future video!""}"





